"Abdel, Marvis",4
"Abou, Analyn",4
"Acker, Jaysen",3
"Adams, Alphonso",3
"Adapala, Renate",12
"Aiken, Roberto",5
"Al-douli, Gustavo",4
"Al-douli, Suwit",3
"Al-mutairi, Damien",4
"Al-wazzan, Kelvin",4
"Allison, Chen-chang",3
"Alston, Angela",4
"Althouse, Andrey",3
"Aman, Samuel",4
"An, Chethana",6
"Angeles, Eric",3
"Annih, Jaysen",8
"Arnold, Hayley",7
"Arthur, Emile",3
"Askew, Tariq",3
"Atherley, Justin",12
"Azarian, Joyce",4
"Baank, Pavan",3
"Bach, Ruth",4
"Bader, Eugene",4
"Baldwin, Gustavo",1
"Balingit, Catherine",6
"Bannon, Carlin",13
"Bao, Deandre",3
"Barbour, Sarah-jean",1
"Barcarse, Sonny",1
"Barner, Mason",3
